/*
 Navicat Premium Data Transfer

 Source Server         : localhost mysql
 Source Server Type    : MySQL
 Source Server Version : 80018
 Source Host           : localhost
 Source Database       : xueji

 Target Server Type    : MySQL
 Target Server Version : 80018
 File Encoding         : utf-8

 Date: 10/27/2019 10:25:14 AM
*/

SET NAMES utf8mb4;
SET FOREIGN_KEY_CHECKS = 0;

-- ----------------------------
--  Table structure for `admin`
-- ----------------------------
DROP TABLE IF EXISTS `admin`;
CREATE TABLE `admin` (
  `id` int(11) NOT NULL AUTO_INCREMENT,
  `username` varchar(60) COLLATE utf8_bin DEFAULT NULL,
  `password` varchar(180) COLLATE utf8_bin DEFAULT NULL,
  `name` varchar(30) COLLATE utf8_bin DEFAULT NULL,
  `role` varchar(30) COLLATE utf8_bin DEFAULT NULL,
  `xy` varchar(50) COLLATE utf8_bin DEFAULT NULL,
  PRIMARY KEY (`id`)
) ENGINE=InnoDB AUTO_INCREMENT=22 DEFAULT CHARSET=utf8 COLLATE=utf8_bin;

-- ----------------------------
--  Records of `admin`
-- ----------------------------
BEGIN;
INSERT INTO `admin` VALUES ('1', 'hjy', '12345678', '管理员2', 'admin', 'admin'), ('2', 'dk', '123456', '动科', 'user', '动物科技学院'), ('3', 'dy', '123456', '动医', 'user', '动物医药学院'), ('4', 'ss', '123456', '食生', 'user', '食品与生物工程学院（酒业学院）'), ('5', 'gs', '123456', '工商', 'user', '工商管理学院'), ('6', 'jr', '123456', '金融', 'user', '金融与会计学院'), ('7', 'by', '123456', '包印', 'user', '包装与印刷工程学院'), ('8', 'jm', '123456', '经贸', 'user', '经济与贸易学院'), ('9', 'wd', '123456', '物电', 'user', '物流与电商学院'), ('10', 'nz', '123456', '能智', 'user', '能源与智能工程学院'), ('11', 'xg', '123456', '信工', 'user', '信息工程学院（软件学院）'), ('12', 'wf', '123456', '文法', 'user', '文法学院'), ('13', 'gy', '123456', '艺术', 'user', '艺术学院（公共艺术教学部）'), ('14', 'ly', '123456', '旅游', 'user', '旅游学院'), ('15', 'wgy', '123456', '外国语', 'user', '外国语学院'), ('16', 'ms', '123456', '马思', 'user', '马克思主义学院'), ('17', 'lx', '123456', '理学', 'user', '理学部'), ('18', 'ty', '123456', '体育', 'user', '体育部'), ('19', 'gj', '123456', '国教', 'user', '国际教育学院'), ('20', 'jj', '123456', '继教', 'user', '继续教育学院'), ('21', 'ys', '123456', '艺术', 'user', '艺术学院');
COMMIT;

-- ----------------------------
--  Table structure for `note`
-- ----------------------------
DROP TABLE IF EXISTS `note`;
CREATE TABLE `note` (
  `id` int(11) NOT NULL AUTO_INCREMENT,
  `xh` varchar(128) COLLATE utf8_bin DEFAULT NULL,
  `xm` varchar(10) COLLATE utf8_bin DEFAULT NULL,
  `nj` varchar(6) COLLATE utf8_bin DEFAULT NULL,
  `xy` varchar(50) COLLATE utf8_bin DEFAULT NULL,
  `bj` varchar(30) COLLATE utf8_bin DEFAULT NULL,
  `ksh` varchar(20) COLLATE utf8_bin DEFAULT NULL,
  `lqzy` varchar(20) COLLATE utf8_bin DEFAULT NULL,
  `cc` varchar(30) COLLATE utf8_bin DEFAULT NULL,
  `xq` varchar(30) COLLATE utf8_bin DEFAULT NULL,
  `xb` varchar(10) COLLATE utf8_bin DEFAULT NULL,
  `mz` varchar(10) COLLATE utf8_bin DEFAULT NULL,
  `rxrq` date DEFAULT NULL,
  `byrq` date DEFAULT NULL,
  `admin_id` int(11) DEFAULT NULL,
  `status` varchar(12) COLLATE utf8_bin DEFAULT NULL,
  PRIMARY KEY (`id`),
  KEY `admin_id` (`admin_id`),
  CONSTRAINT `note_ibfk_1` FOREIGN KEY (`admin_id`) REFERENCES `admin` (`id`)
) ENGINE=InnoDB AUTO_INCREMENT=51 DEFAULT CHARSET=utf8 COLLATE=utf8_bin;

-- ----------------------------
--  Records of `note`
-- ----------------------------
BEGIN;
INSERT INTO `note` VALUES ('1', '19090101001', '郑玉荣', '19', '包装与印刷工程学院', '19包装01', '19410212153130', '包装工程', '普通本科', '龙子湖校区', '女', '汉族', '2019-09-01', '2023-07-01', '7', 'fuxue'), ('2', '19090101002', '李轶琳', '19', '动物科技学院', '19动科02', '19410113153223', '动物科学', '普通本科', '龙子湖校区', '女', '汉族', '2019-09-01', '2023-07-01', '2', null), ('3', '19090101003', '陈曦', '19', '包装与印刷工程学院', '19包装01', '19411719151096', '包装工程', '普通本科', '龙子湖校区', '女', '汉族', '2019-09-01', '2023-07-01', '7', null), ('4', '19090101004', '杨红丹', '18', '包装与印刷工程学院', '18包装01', '19411314154603', '包装工程', '普通本科', '龙子湖校区', '女', '汉族', '2018-09-01', '2022-07-01', '7', null), ('5', '19090101005', '左凯璐', '18', '动物科技学院', '18动科02', '19410515151973', '动物科学', '普通本科', '龙子湖校区', '女', '汉族', '2018-09-01', '2022-07-01', '2', null), ('6', '19090101007', '魏晨卓', '18', '动物科技学院', '18动科01', '19411201151935', '动物科学', '普通本科', '龙子湖校区', '女', '汉族', '2018-09-01', '2022-07-01', '2', null), ('7', '19090101008', '魏亚敏', '17', '文法学院', '17法律（专）01', '19411413151840', '法律事务', '普通本科', '英才校区', '女', '汉族', '2018-09-01', '2022-07-01', '12', 'baoliuxueji'), ('8', '19090101009', '杨柳聪', '17', '文法学院', '17法律（专）01', '19411712152464', '法律事务', '普通本科', '英才校区', '女', '汉族', '2017-09-01', '2021-07-01', '12', null), ('9', '19090101010', '刘星', '17', '文法学院', '17法律（专）02', '19411513150393', '法律事务', '普通本科', '英才校区', '女', '汉族', '2017-09-01', '2021-07-01', '12', null), ('10', '19090101011', '栗苗苗', '16', '文法学院', '16法律（专）02', '19411515154551', '法律事务', '普通本科', '英才校区', '女', '汉族', '2016-09-01', '2020-07-01', '12', null), ('11', '19090101012', '郑雪宁', '16', '文法学院', '16法律（专）03', '19410911150402', '法律事务', '普通本科', '英才校区', '女', '汉族', '2016-09-01', '2020-07-01', '12', null), ('12', '19090101013', '娄枫苏', '16', '文法学院', '16法律（专）03', '19410319151138', '法律事务', '普通本科', '英才校区', '女', '汉族', '2016-09-01', '2020-07-01', '12', null), ('13', '19090101014', '牛雨娴', '16', '工商管理学院', '16房产（专）01', '19410716151108', '房地产经营与管理', '普通本科', '英才校区', '女', '汉族', '2016-09-01', '2020-07-01', '5', null), ('14', '19090101015', '连妮婷', '16', '工商管理学院', '16房产（专）02', '19412701151894', '房地产经营与管理', '普通本科', '英才校区', '女', '汉族', '2016-09-01', '2020-07-01', '5', null), ('15', '19090101016', '樊嘉欣', '16', '工商管理学院', '16房产（专）03', '19413101150188', '房地产经营与管理', '普通本科', '英才校区', '女', '汉族', '2016-09-01', '2020-07-01', '5', null), ('16', '19090101017', '刘小雨', '16', '工商管理学院', '16房产（专）04', '19411619151883', '房地产经营与管理', '普通本科', '英才校区', '女', '汉族', '2016-09-01', '2020-07-01', '5', null), ('17', '19090101018', '姚卓楠', '16', '工商管理学院', '16房产（专）04', '19411011152038', '房地产经营与管理', '普通本科', '英才校区', '女', '汉族', '2016-09-01', '2020-07-01', '5', null), ('18', '19090101019', '段君如', '16', '金融与会计学院', '16级注会4班', '19410501153853', '会计学', '普通本科', '英才校区', '女', '汉族', '2016-09-01', '2020-07-01', '6', null), ('19', '19090101020', '田媛', '16', '金融与会计学院', '16级注会4班', '19411301151983', '会计学', '普通本科', '英才校区', '女', '汉族', '2016-09-01', '2020-07-01', '6', null), ('20', '19090101021', '张小冉', '16', '金融与会计学院', '16级注会3班', '19411718152345', '会计学', '普通本科', '英才校区', '女', '汉族', '2016-09-01', '2020-07-01', '6', null), ('21', '19090101022', '史纪元', '16', '金融与会计学院', '16级注会2班', '19410315150008', '会计学', '普通本科', '英才校区', '女', '汉族', '2016-09-01', '2020-07-01', '6', null), ('22', '19090101023', '于李静', '16', '金融与会计学院', '16级注会4班', '19411111151202', '会计学', '普通本科', '英才校区', '女', '汉族', '2016-09-01', '2020-07-01', '6', null), ('23', '19090101024', '刘天奇', '16', '金融与会计学院', '16级注会2班', '19410613151233', '会计学', '普通本科', '英才校区', '女', '汉族', '2016-09-01', '2020-07-01', '6', null), ('24', '19090101025', '张鹏慧', '18', '金融与会计学院', '18级注会1班', '19410716150759', '会计学', '普通本科', '英才校区', '女', '汉族', '2018-09-01', '2022-07-01', '6', null), ('25', '19090101026', '简彦茹', '18', '金融与会计学院', '18级注会1班', '19411618152626', '会计学', '普通本科', '英才校区', '女', '汉族', '2018-09-01', '2022-07-01', '6', null), ('26', '19090101027', '何怡', '18', '旅游学院', '18酒管01', '19410511151204', '酒店管理', '普通本科', '龙子湖校区', '女', '汉族', '2018-09-01', '2022-07-01', '14', null), ('27', '19090101028', '赵文艺', '18', '旅游学院', '18酒管02', '19410318151191', '酒店管理', '普通本科', '龙子湖校区', '女', '汉族', '2018-09-01', '2022-07-01', '14', null), ('28', '19090101029', '孟冰雪', '18', '旅游学院', '18酒管02', '19410516151915', '酒店管理', '普通本科', '龙子湖校区', '女', '汉族', '2018-09-01', '2022-07-01', '14', null), ('29', '19090101030', '代静雅', '18', '旅游学院', '18酒管03', '19412601151272', '酒店管理', '普通本科', '龙子湖校区', '女', '汉族', '2018-09-01', '2022-07-01', '14', null), ('30', '19090101031', '胡亚杰', '18', '旅游学院', '18酒管04', '19413101151093', '酒店管理', '普通本科', '龙子湖校区', '女', '汉族', '2018-09-01', '2022-07-01', '14', null), ('31', '19090101032', '李文静', '18', '旅游学院', '18酒管04', '19410214151803', '酒店管理', '普通本科', '龙子湖校区', '女', '汉族', '2018-09-01', '2022-07-01', '14', null), ('32', '19090101033', '张萧萧', '18', '旅游学院', '18酒管04', '19412401153645', '酒店管理', '普通本科', '龙子湖校区', '女', '汉族', '2018-09-01', '2022-07-01', '14', null), ('33', '19090101034', '姚倩倩', '18', '能源与智能工程学院', '19能动01', '19411011150078', '能源与动力工程', '普通本科', '北林校区', '女', '汉族', '2018-09-01', '2022-07-01', '10', 'zhuxiao'), ('34', '19090101035', '施可', '19', '能源与智能工程学院', '19能动02', '19411615153355', '能源与动力工程', '普通本科', '北林校区', '女', '汉族', '2019-09-01', '2023-07-01', '10', null), ('35', '19090101036', '桑俊丽', '19', '能源与智能工程学院', '19能动02', '19410712150699', '能源与动力工程', '普通本科', '北林校区', '女', '汉族', '2019-09-01', '2023-07-01', '10', null), ('36', '19090101037', '符迪', '19', '能源与智能工程学院', '19能动03', '19411717151330', '能源与动力工程', '普通本科', '北林校区', '女', '汉族', '2019-09-01', '2023-07-01', '10', null), ('37', '19090101038', '霍千惠', '19', '能源与智能工程学院', '19能动03', '19411618152510', '能源与动力工程', '普通本科', '北林校区', '女', '汉族', '2019-09-01', '2023-07-01', '10', null), ('38', '19090101039', '冯紫微', '19', '能源与智能工程学院', '19能动03', '19410615150652', '能源与动力工程', '普通本科', '北林校区', '女', '汉族', '2019-09-01', '2023-07-01', '10', null), ('39', '19090101040', '李园', '19', '能源与智能工程学院', '19能动04', '19411714151891', '能源与动力工程', '普通本科', '北林校区', '女', '汉族', '2019-09-01', '2023-07-01', '10', null), ('40', '19090101041', '李亚雯', '19', '食品与生物工程学院（酒业学院）', '19酿酒01', '19410812150153', '酿酒工程', '普通本科', '龙子湖校区', '女', '汉族', '2019-09-01', '2023-07-01', '4', null), ('41', '19090101042', '苏新颖', '19', '食品与生物工程学院（酒业学院）', '19酿酒01', '19411701151956', '酿酒工程', '普通本科', '龙子湖校区', '女', '汉族', '2019-09-01', '2023-07-01', '4', null), ('42', '19090101043', '黄岐', '19', '食品与生物工程学院（酒业学院）', '19酿酒02', '19411720150394', '酿酒工程', '普通本科', '龙子湖校区', '女', '汉族', '2019-09-01', '2023-07-01', '4', null), ('43', '19090101044', '王钰莹', '19', '食品与生物工程学院（酒业学院）', '19酿酒02', '19411114153679', '酿酒工程', '普通本科', '龙子湖校区', '女', '汉族', '2019-09-01', '2023-07-01', '4', null), ('44', '19090101045', '刘卡亚', '19', '食品与生物工程学院（酒业学院）', '19酿酒02', '19410802152298', '酿酒工程', '普通本科', '龙子湖校区', '女', '汉族', '2019-09-01', '2023-07-01', '4', null), ('45', '19090101046', '张春玲', '19', '食品与生物工程学院（酒业学院）', '19酿酒03', '19410102153744', '酿酒工程', '普通本科', '龙子湖校区', '女', '汉族', '2019-09-01', '2023-07-01', '4', null), ('46', '19090101047', '陈婷', '19', '食品与生物工程学院（酒业学院）', '19酿酒04', '19412301150827', '酿酒工程', '普通本科', '龙子湖校区', '女', '汉族', '2019-09-01', '2023-07-01', '4', null), ('47', '19090101048', '任煜', '19', '信息工程学院（软件学院）', '19物联网01', '19410611150161', '物联网工程', '普通本科', '龙子湖校区', '女', '汉族', '2019-09-01', '2023-07-01', '11', null), ('48', '19090101050', '蔡畅', '19', '信息工程学院（软件学院）', '19物联网02', '19412401151455', '物联网工程', '普通本科', '龙子湖校区', '男', '汉族', '2019-09-01', '2023-07-01', '11', null), ('49', '19090101051', '刘浩帆', '19', '信息工程学院（软件学院）', '19物联网03', '19410302150501', '物联网工程', '普通本科', '龙子湖校区', '男', '汉族', '2019-09-01', '2023-07-01', '11', null), ('50', '19090101052', '岳晓昂', '19', '信息工程学院（软件学院）', '19物联网04', '19412901151540', '物联网工程', '普通本科', '龙子湖校区', '男', '汉族', '2019-09-01', '2023-07-01', '11', null);
COMMIT;

-- ----------------------------
--  Table structure for `note_yet`
-- ----------------------------
DROP TABLE IF EXISTS `note_yet`;
CREATE TABLE `note_yet` (
  `id` int(11) NOT NULL AUTO_INCREMENT,
  `xh` varchar(128) COLLATE utf8_bin DEFAULT NULL,
  `xm` varchar(10) COLLATE utf8_bin DEFAULT NULL,
  `xy` varchar(50) COLLATE utf8_bin DEFAULT NULL,
  `bj` varchar(30) COLLATE utf8_bin DEFAULT NULL,
  `zt` varchar(30) COLLATE utf8_bin DEFAULT NULL,
  `zy` varchar(20) COLLATE utf8_bin DEFAULT NULL,
  `created_date` date DEFAULT NULL,
  `reason` varchar(256) COLLATE utf8_bin DEFAULT NULL,
  `status` varchar(12) COLLATE utf8_bin DEFAULT NULL,
  `home_address` varchar(50) COLLATE utf8_bin DEFAULT NULL,
  `home_tel` varchar(12) COLLATE utf8_bin DEFAULT NULL,
  `per_tel` varchar(12) COLLATE utf8_bin DEFAULT NULL,
  `identity` varchar(18) COLLATE utf8_bin DEFAULT NULL,
  `school_sttime` date DEFAULT NULL,
  `school_endtime` date DEFAULT NULL,
  `bl_date` date DEFAULT NULL,
  `dom_campus` varchar(10) COLLATE utf8_bin DEFAULT NULL,
  `dom_dorm` varchar(20) COLLATE utf8_bin DEFAULT NULL,
  `school` varchar(50) COLLATE utf8_bin DEFAULT NULL,
  `campus` varchar(50) COLLATE utf8_bin DEFAULT NULL,
  `code` varchar(50) COLLATE utf8_bin DEFAULT NULL,
  `sex` varchar(5) COLLATE utf8_bin DEFAULT NULL,
  `leng_school` varchar(8) COLLATE utf8_bin DEFAULT NULL,
  `discipline` varchar(50) COLLATE utf8_bin DEFAULT NULL,
  `classgrade` varchar(20) COLLATE utf8_bin DEFAULT NULL,
  `dorm` varchar(20) COLLATE utf8_bin DEFAULT NULL,
  `admin_id` int(11) DEFAULT NULL,
  PRIMARY KEY (`id`),
  KEY `admin_id` (`admin_id`),
  CONSTRAINT `note_yet_ibfk_1` FOREIGN KEY (`admin_id`) REFERENCES `admin` (`id`)
) ENGINE=InnoDB AUTO_INCREMENT=10 DEFAULT CHARSET=utf8 COLLATE=utf8_bin;

-- ----------------------------
--  Records of `note_yet`
-- ----------------------------
BEGIN;
INSERT INTO `note_yet` VALUES ('1', '19090101001', '郑玉荣', '包装与印刷工程学院', '19包装01', 'fuxue', '包装工程', '2019-10-25', '休学期满，申请复学', null, null, null, null, null, null, null, null, null, null, null, null, null, '女', null, null, null, null, '7'), ('2', '19090101002', '李轶琳', '动物科技学院', '19动科02', 'xiuxue', '动物科学', '2019-10-26', '回家创业，申请休学一年', null, '广东省广州市', '13527681928', '131409561787', null, null, null, null, null, null, null, null, null, '女', null, null, null, null, '2'), ('3', '19090101003', '陈曦', '包装与印刷工程学院', '19包装01', 'tuixue', '包装工程', '2019-10-26', '因家庭原因申请退学', null, '河南省郑州市', '18630981726', '13450981923', null, null, null, null, null, null, null, null, null, '女', null, null, null, null, '7'), ('4', '19090101008', '魏亚敏', '文法学院', '17法律（专）01', 'baoliuxueji', '法律事务', '2019-10-26', '入伍当兵', null, '河南省焦作市', '15609876898', '13456751208', null, null, '2020-10-26', null, null, null, null, null, null, '女', null, null, null, null, '12'), ('6', '19090101019', '段君如', '金融与会计学院', '16级注会4班', 'xueji', '会计学', '2019-10-26', '学车需要暂住证明', null, null, null, null, '410109199907310128', null, null, null, null, null, null, null, null, '女', '四年制', null, null, null, '6'), ('7', '13090102001', '韩世林', '信息工程学院（软件学院）', null, 'xueli', null, '2019-10-26', '毕业证丢失', null, null, null, null, null, '2013-09-01', '2017-06-30', null, '英才校区', null, null, '信息工程学院（软件学院）', '201701000001', '男', '四年制', '计算机基础', null, null, null), ('8', '19090101030', '代静雅', '旅游学院', '18酒管03', 'zhuanzhuanye', '酒店管理', '2019-10-26', '想尝试其他专业', null, null, null, null, null, null, null, null, null, '114', null, null, null, '女', null, null, null, null, '14'), ('9', '19090101034', '姚倩倩', '能源与智能工程学院', '19能动01', 'zhuxiao', '能源与动力工程', '2019-10-26', '身体原因，无法继续上学', null, null, null, null, null, null, null, null, null, null, null, null, null, '女', null, null, null, null, '10');
COMMIT;

SET FOREIGN_KEY_CHECKS = 1;
